feature,importance
glucose,0.49136485860935586
haemoglobin,0.12683001020287768
cholesterol,0.38180513118776654
