{
  "accuracy": 0.99,
  "precision": 0.99015625,
  "recall": 0.99,
  "f1": 0.9898219787743924
}